insert into groups(group_name)
values ('XK-55'),
       ('DM-78'),
       ('QO-87'),
       ('BI-01'),
       ('BE-30'),
       ('HU-80'),
       ('XJ-38'),
       ('QY-30'),
       ('RR-29'),
       ('FU-44');

INSERT INTO students (group_id, first_name, last_name)
VALUES (1, 'John', 'Doe'),
       (2, 'Jane', 'Smith'),
       (3, 'Michael', 'Johnson'),
       (4, 'Emily', 'Davis'),
       (5, 'Christopher', 'Miller'),
       (6, 'Jessica', 'Wilson'),
       (7, 'Matthew', 'Anderson'),
       (8, 'Ashley', 'Brown'),
       (9, 'Joshua', 'Taylor'),
       (10, 'Amanda', 'Moore');

insert into courses (course_name, course_description)
values ('Art', 'Study of visual arts and creative expression'),
       ('Biology', 'Study of living organisms and their interactions'),
       ('Chemistry', 'Study of matter, its properties, composition, and reactions'),
       ('Computer Science', 'Study of algorithms, data structures, and computational systems'),
       ('Geography',
        'Study of Earth''s landscapes, environments, and the relationships between people and their environments'),
       ('History', 'Study of past events, societies, and civilizations'),
       ('Literature', 'Study of written works, including novels, poems, and plays'),
       ('Math', 'Study of numbers, quantities, shapes, and patterns'),
       ('Music', 'Study of sound, rhythm, melody, and composition'),
       ('Physics', 'Study of matter, energy, motion, and the fundamental forces of nature');

INSERT INTO course_students (student_id, course_id)
VALUES (1, 1),
       (1, 3),
       (1, 5),
       (2, 1),
       (2, 2),
       (2, 3),
       (2, 6),
       (3, 1),
       (3, 4),
       (3, 5),
       (3, 7),
       (4, 2),
       (4, 3),
       (4, 6),
       (4, 8),
       (4, 9),
       (5, 1),
       (5, 5),
       (5, 7),
       (5, 10),
       (6, 2),
       (6, 4),
       (6, 6),
       (6, 8),
       (6, 10),
       (7, 1),
       (7, 3),
       (7, 7),
       (7, 9),
       (8, 2),
       (8, 5),
       (8, 8),
       (8, 10),
       (9, 3),
       (9, 4),
       (9, 6),
       (9, 9),
       (10, 1),
       (10, 2),
       (10, 5),
       (10, 7),
       (10, 10);

